festival_id,festival_name,product_id,baseline_units,festival_window_units,demand_change_pct
F001,Poila Boishakh,P001,21.0,34.0,61.9
F001,Poila Boishakh,P002,27.0,28.0,3.7
F001,Poila Boishakh,P003,26.0,39.0,50.0
F001,Poila Boishakh,P004,38.0,27.0,-28.95
F001,Poila Boishakh,P005,19.0,36.0,89.47
F001,Poila Boishakh,P006,21.0,31.0,47.62
F001,Poila Boishakh,P007,10.0,23.0,130.0
F001,Poila Boishakh,P008,23.0,18.0,-21.74
F001,Poila Boishakh,P009,30.0,24.0,-20.0
F001,Poila Boishakh,P010,20.0,33.0,65.0
F001,Poila Boishakh,P011,15.0,40.0,166.67
F001,Poila Boishakh,P012,30.0,28.0,-6.67
F001,Poila Boishakh,P013,33.0,47.0,42.42
F001,Poila Boishakh,P014,25.0,41.0,64.0
F001,Poila Boishakh,P015,25.0,35.0,40.0
F001,Poila Boishakh,P016,23.0,18.0,-21.74
F001,Poila Boishakh,P017,23.0,29.0,26.09
F001,Poila Boishakh,P018,23.0,18.0,-21.74
F001,Poila Boishakh,P019,29.0,23.0,-20.69
F001,Poila Boishakh,P020,19.0,40.0,110.53
F001,Poila Boishakh,P021,13.0,25.0,92.31
F001,Poila Boishakh,P022,18.0,35.0,94.44
F001,Poila Boishakh,P023,8.0,28.0,250.0
F001,Poila Boishakh,P024,17.0,41.0,141.18
F002,Rath Yatra,P001,55.0,40.0,-27.27
F002,Rath Yatra,P002,26.0,33.0,26.92
F002,Rath Yatra,P003,21.0,28.0,33.33
F002,Rath Yatra,P004,28.0,45.0,60.71
F002,Rath Yatra,P005,29.0,19.0,-34.48
F002,Rath Yatra,P006,26.0,40.0,53.85
F002,Rath Yatra,P007,17.0,30.0,76.47
F002,Rath Yatra,P008,10.0,38.0,280.0
F002,Rath Yatra,P009,17.0,44.0,158.82
F002,Rath Yatra,P010,17.0,37.0,117.65
F002,Rath Yatra,P011,12.0,25.0,108.33
F002,Rath Yatra,P012,6.0,41.0,583.33
F002,Rath Yatra,P013,18.0,33.0,83.33
F002,Rath Yatra,P014,7.0,39.0,457.14
F002,Rath Yatra,P015,7.0,46.0,557.14
F002,Rath Yatra,P016,11.0,25.0,127.27
F002,Rath Yatra,P017,31.0,27.0,-12.9
F002,Rath Yatra,P018,35.0,10.0,-71.43
F002,Rath Yatra,P019,15.0,45.0,200.0
F002,Rath Yatra,P020,33.0,31.0,-6.06
F002,Rath Yatra,P021,9.0,28.0,211.11
F002,Rath Yatra,P022,30.0,24.0,-20.0
F002,Rath Yatra,P023,23.0,31.0,34.78
F002,Rath Yatra,P024,24.0,28.0,16.67
F003,Janmashtami,P001,26.0,38.0,46.15
F003,Janmashtami,P002,33.0,22.0,-33.33
F003,Janmashtami,P003,10.0,29.0,190.0
F003,Janmashtami,P004,17.0,30.0,76.47
F003,Janmashtami,P005,33.0,25.0,-24.24
F003,Janmashtami,P006,26.0,27.0,3.85
F003,Janmashtami,P007,13.0,30.0,130.77
F003,Janmashtami,P008,19.0,17.0,-10.53
F003,Janmashtami,P009,18.0,44.0,144.44
F003,Janmashtami,P010,12.0,40.0,233.33
F003,Janmashtami,P011,17.0,37.0,117.65
F003,Janmashtami,P012,29.0,45.0,55.17
F003,Janmashtami,P013,22.0,26.0,18.18
F003,Janmashtami,P014,17.0,44.0,158.82
F003,Janmashtami,P015,12.0,34.0,183.33
F003,Janmashtami,P016,26.0,36.0,38.46
F003,Janmashtami,P017,42.0,20.0,-52.38
F003,Janmashtami,P018,20.0,41.0,105.0
F003,Janmashtami,P019,10.0,38.0,280.0
F003,Janmashtami,P020,23.0,31.0,34.78
F003,Janmashtami,P021,18.0,32.0,77.78
F003,Janmashtami,P022,31.0,32.0,3.23
F003,Janmashtami,P023,4.0,26.0,550.0
F003,Janmashtami,P024,23.0,43.0,86.96
F004,Durga Puja,P001,0.0,0.0,
F004,Durga Puja,P002,0.0,0.0,
F004,Durga Puja,P003,0.0,0.0,
F004,Durga Puja,P004,0.0,0.0,
F004,Durga Puja,P005,0.0,0.0,
F004,Durga Puja,P006,0.0,0.0,
F004,Durga Puja,P007,0.0,0.0,
F004,Durga Puja,P008,0.0,0.0,
F004,Durga Puja,P009,0.0,0.0,
F004,Durga Puja,P010,0.0,0.0,
F004,Durga Puja,P011,0.0,0.0,
F004,Durga Puja,P012,0.0,0.0,
F004,Durga Puja,P013,0.0,0.0,
F004,Durga Puja,P014,0.0,0.0,
F004,Durga Puja,P015,0.0,0.0,
F004,Durga Puja,P016,0.0,0.0,
F004,Durga Puja,P017,0.0,0.0,
F004,Durga Puja,P018,0.0,0.0,
F004,Durga Puja,P019,0.0,0.0,
F004,Durga Puja,P020,0.0,0.0,
F004,Durga Puja,P021,0.0,0.0,
F004,Durga Puja,P022,0.0,0.0,
F004,Durga Puja,P023,0.0,0.0,
F004,Durga Puja,P024,0.0,0.0,
