product_id,product_name,category,reorder_level,units_purchased,units_sold,current_stock_estimate,avg_daily_sales,estimated_days_remaining,stock_status
P001,Rice 5kg,Groceries,20,1377,995,382,3.6446886446886446,104.81005025125629,HEALTHY
P002,Wheat Flour 5kg,Groceries,18,1101,849,252,3.10989010989011,81.03180212014134,HEALTHY
P003,Mustard Oil 1L,Groceries,15,1421,935,486,3.4249084249084247,141.90160427807487,HEALTHY
P004,Sunflower Oil 1L,Groceries,15,540,977,0,3.578754578754579,0.0,CRITICAL
P005,Sugar 1kg,Groceries,25,1128,974,154,3.567765567765568,43.16427104722792,HEALTHY
P006,Salt 1kg,Groceries,30,721,943,0,3.4542124542124544,0.0,CRITICAL
P007,Tea 250g,Beverages,12,1507,887,620,3.249084249084249,190.82299887260427,HEALTHY
P008,Coffee 100g,Beverages,10,1001,913,88,3.3443223443223444,26.313253012048193,HEALTHY
P009,Biscuits Pack,Snacks,35,942,861,81,3.1538461538461537,25.682926829268293,HEALTHY
P010,Noodles Pack,Snacks,30,373,874,0,3.2014652014652016,0.0,CRITICAL
P011,Chips Pack,Snacks,40,656,954,0,3.4945054945054945,0.0,CRITICAL
P012,Milk 1L,Dairy,25,909,875,34,3.2051282051282053,10.607999999999999,HEALTHY
P013,Bread,Dairy,25,596,947,0,3.468864468864469,0.0,CRITICAL
P014,Eggs 6pc,Dairy,20,1152,933,219,3.4175824175824174,64.08038585209003,HEALTHY
P015,Soap Bar,Personal Care,20,705,979,0,3.586080586080586,0.0,CRITICAL
P016,Shampoo 180ml,Personal Care,12,730,880,0,3.2234432234432235,0.0,CRITICAL
P017,Toothpaste,Personal Care,12,653,849,0,3.10989010989011,0.0,CRITICAL
P018,Detergent 1kg,Home Care,15,742,839,0,3.0732600732600734,0.0,CRITICAL
P019,Dishwash 500ml,Home Care,15,1761,952,809,3.4871794871794872,231.99264705882354,HEALTHY
P020,Notebook,Stationery,20,590,821,0,3.0073260073260073,0.0,CRITICAL
P021,Pen Pack,Stationery,25,843,841,2,3.0805860805860807,0.6492271105826397,CRITICAL
P022,LED Bulb,Electrical,10,1045,960,85,3.5164835164835164,24.171875,HEALTHY
P023,Battery Pair,Electrical,15,1170,892,278,3.2673992673992673,85.08295964125561,HEALTHY
P024,Incense Pack,Household,20,795,953,0,3.490842490842491,0.0,CRITICAL
