date,sales_total,payment_total,difference,status
2026-01-01,4954,4954,0,RECONCILED
2026-01-02,5786,5786,0,RECONCILED
2026-01-03,3923,3923,0,RECONCILED
2026-01-04,5181,5161,20,MISMATCH
2026-01-05,4401,4401,0,RECONCILED
2026-01-06,2483,2483,0,RECONCILED
2026-01-07,4231,4231,0,RECONCILED
2026-01-08,6028,6008,20,MISMATCH
2026-01-09,4475,4475,0,RECONCILED
2026-01-10,5865,5865,0,RECONCILED
2026-01-11,6569,6549,20,MISMATCH
2026-01-12,5712,5712,0,RECONCILED
2026-01-13,5602,5602,0,RECONCILED
2026-01-14,3621,3601,20,MISMATCH
2026-01-15,4516,4516,0,RECONCILED
2026-01-16,3999,3999,0,RECONCILED
2026-01-17,3887,3887,0,RECONCILED
2026-01-18,4188,4168,20,MISMATCH
2026-01-19,3492,3492,0,RECONCILED
2026-01-20,5066,5066,0,RECONCILED
2026-01-21,2794,2794,0,RECONCILED
2026-01-22,2858,2838,20,MISMATCH
2026-01-23,5332,5332,0,RECONCILED
2026-01-24,5764,5764,0,RECONCILED
2026-01-25,6389,6389,0,RECONCILED
2026-01-26,5583,5563,20,MISMATCH
2026-01-27,2935,2935,0,RECONCILED
2026-01-28,5260,5260,0,RECONCILED
2026-01-29,5701,5681,20,MISMATCH
2026-01-30,9402,9402,0,RECONCILED
2026-01-31,3151,3151,0,RECONCILED
2026-02-01,7675,7655,20,MISMATCH
2026-02-02,6077,6077,0,RECONCILED
2026-02-03,5668,5668,0,RECONCILED
2026-02-04,3601,3581,20,MISMATCH
2026-02-05,3176,3176,0,RECONCILED
2026-02-06,4325,4325,0,RECONCILED
2026-02-07,5009,5009,0,RECONCILED
2026-02-08,4303,4283,20,MISMATCH
2026-02-09,4061,4061,0,RECONCILED
2026-02-10,3882,3882,0,RECONCILED
2026-02-11,4281,4281,0,RECONCILED
2026-02-12,4431,4411,20,MISMATCH
2026-02-13,5290,5290,0,RECONCILED
2026-02-14,1765,1765,0,RECONCILED
2026-02-15,2805,2805,0,RECONCILED
2026-02-16,5821,5801,20,MISMATCH
2026-02-17,8284,8284,0,RECONCILED
2026-02-18,2691,2691,0,RECONCILED
2026-02-19,3564,3544,20,MISMATCH
2026-02-20,3525,3525,0,RECONCILED
2026-02-21,6112,6112,0,RECONCILED
2026-02-22,7024,7004,20,MISMATCH
2026-02-23,3513,3513,0,RECONCILED
2026-02-24,3431,3431,0,RECONCILED
2026-02-25,3363,3363,0,RECONCILED
2026-02-26,9092,9072,20,MISMATCH
2026-02-27,3957,3957,0,RECONCILED
2026-02-28,3509,3509,0,RECONCILED
2026-03-01,5730,5710,20,MISMATCH
2026-03-02,4277,4277,0,RECONCILED
2026-03-03,4811,4811,0,RECONCILED
2026-03-04,4458,4458,0,RECONCILED
2026-03-05,5477,5457,20,MISMATCH
2026-03-06,2860,2860,0,RECONCILED
2026-03-07,5469,5469,0,RECONCILED
2026-03-08,8480,8480,0,RECONCILED
2026-03-09,3560,3540,20,MISMATCH
2026-03-10,5896,5896,0,RECONCILED
2026-03-11,5984,5984,0,RECONCILED
2026-03-12,5847,5827,20,MISMATCH
2026-03-13,3224,3224,0,RECONCILED
2026-03-14,6403,6403,0,RECONCILED
2026-03-15,5088,5088,0,RECONCILED
2026-03-16,2945,2925,20,MISMATCH
2026-03-17,4750,4750,0,RECONCILED
2026-03-18,3311,3311,0,RECONCILED
2026-03-19,4884,4884,0,RECONCILED
2026-03-20,5269,5249,20,MISMATCH
2026-03-21,8250,8250,0,RECONCILED
2026-03-22,4494,4494,0,RECONCILED
2026-03-23,2960,2940,20,MISMATCH
2026-03-24,4079,4079,0,RECONCILED
2026-03-25,3644,3644,0,RECONCILED
2026-03-26,7820,7820,0,RECONCILED
2026-03-27,4709,4689,20,MISMATCH
2026-03-28,8067,8067,0,RECONCILED
2026-03-29,5254,5254,0,RECONCILED
2026-03-30,3309,3289,20,MISMATCH
2026-03-31,3155,3155,0,RECONCILED
2026-04-01,4574,4574,0,RECONCILED
2026-04-02,3804,3804,0,RECONCILED
2026-04-03,4930,4910,20,MISMATCH
2026-04-04,3890,3890,0,RECONCILED
2026-04-05,7809,7809,0,RECONCILED
2026-04-06,4949,4929,20,MISMATCH
2026-04-07,4332,4332,0,RECONCILED
2026-04-08,8906,8906,0,RECONCILED
2026-04-09,4554,4534,20,MISMATCH
2026-04-10,5121,5121,0,RECONCILED
2026-04-11,6841,6841,0,RECONCILED
2026-04-12,5525,5505,20,MISMATCH
2026-04-13,3666,3666,0,RECONCILED
2026-04-14,5026,5026,0,RECONCILED
2026-04-15,3763,3743,20,MISMATCH
2026-04-16,4062,4062,0,RECONCILED
2026-04-17,2574,2574,0,RECONCILED
2026-04-18,5089,5089,0,RECONCILED
2026-04-19,7862,7842,20,MISMATCH
2026-04-20,4807,4807,0,RECONCILED
2026-04-21,4411,4411,0,RECONCILED
2026-04-22,3183,3163,20,MISMATCH
2026-04-23,4963,4963,0,RECONCILED
2026-04-24,6142,6142,0,RECONCILED
2026-04-25,6888,6868,20,MISMATCH
2026-04-26,4446,4446,0,RECONCILED
2026-04-27,2811,2811,0,RECONCILED
2026-04-28,3215,3215,0,RECONCILED
2026-04-29,5358,5338,20,MISMATCH
2026-04-30,2948,2948,0,RECONCILED
2026-05-01,2238,2238,0,RECONCILED
2026-05-02,3101,3101,0,RECONCILED
2026-05-03,4692,4672,20,MISMATCH
2026-05-04,4458,4458,0,RECONCILED
2026-05-05,4616,4616,0,RECONCILED
2026-05-06,5672,5672,0,RECONCILED
2026-05-07,2698,2678,20,MISMATCH
2026-05-08,5939,5939,0,RECONCILED
2026-05-09,5702,5702,0,RECONCILED
2026-05-10,4987,4967,20,MISMATCH
2026-05-11,5176,5176,0,RECONCILED
2026-05-12,5855,5855,0,RECONCILED
2026-05-13,5468,5468,0,RECONCILED
2026-05-14,5789,5769,20,MISMATCH
2026-05-15,4542,4542,0,RECONCILED
2026-05-16,4626,4626,0,RECONCILED
2026-05-17,6056,6036,20,MISMATCH
2026-05-18,3413,3413,0,RECONCILED
2026-05-19,5536,5536,0,RECONCILED
2026-05-20,2853,2853,0,RECONCILED
2026-05-21,3341,3321,20,MISMATCH
2026-05-22,5171,5171,0,RECONCILED
2026-05-23,4288,4288,0,RECONCILED
2026-05-24,7975,7960,15,MISMATCH
2026-05-25,4794,4794,0,RECONCILED
2026-05-26,5048,5048,0,RECONCILED
2026-05-27,4284,4280,4,MISMATCH
2026-05-28,5098,5098,0,RECONCILED
2026-05-29,2490,2490,0,RECONCILED
2026-05-30,11537,11537,0,RECONCILED
2026-05-31,5517,5502,15,MISMATCH
2026-06-01,3167,3167,0,RECONCILED
2026-06-02,4768,4768,0,RECONCILED
2026-06-03,4052,4052,0,RECONCILED
2026-06-04,3150,3130,20,MISMATCH
2026-06-05,4326,4326,0,RECONCILED
2026-06-06,7093,7093,0,RECONCILED
2026-06-07,4054,4034,20,MISMATCH
2026-06-08,2222,2222,0,RECONCILED
2026-06-09,5910,5910,0,RECONCILED
2026-06-10,4263,4263,0,RECONCILED
2026-06-11,5635,5615,20,MISMATCH
2026-06-12,5849,5849,0,RECONCILED
2026-06-13,7844,7844,0,RECONCILED
2026-06-14,5334,5314,20,MISMATCH
2026-06-15,7557,7557,0,RECONCILED
2026-06-16,6114,6114,0,RECONCILED
2026-06-17,3763,3743,20,MISMATCH
2026-06-18,2510,2510,0,RECONCILED
2026-06-19,4033,4033,0,RECONCILED
2026-06-20,4768,4768,0,RECONCILED
2026-06-21,6907,6887,20,MISMATCH
2026-06-22,3180,3180,0,RECONCILED
2026-06-23,4905,4905,0,RECONCILED
2026-06-24,3582,3562,20,MISMATCH
2026-06-25,4278,4278,0,RECONCILED
2026-06-26,8166,8166,0,RECONCILED
2026-06-27,4230,4230,0,RECONCILED
2026-06-28,5336,5316,20,MISMATCH
2026-06-29,4997,4997,0,RECONCILED
2026-06-30,4403,4403,0,RECONCILED
2026-07-01,4733,4713,20,MISMATCH
2026-07-02,8285,8285,0,RECONCILED
2026-07-03,5292,5292,0,RECONCILED
2026-07-04,8105,8085,20,MISMATCH
2026-07-05,5660,5660,0,RECONCILED
2026-07-06,3698,3698,0,RECONCILED
2026-07-07,6181,6181,0,RECONCILED
2026-07-08,4779,4759,20,MISMATCH
2026-07-09,5697,5697,0,RECONCILED
2026-07-10,6307,6307,0,RECONCILED
2026-07-11,7656,7636,20,MISMATCH
2026-07-12,9451,9451,0,RECONCILED
2026-07-13,4039,4019,20,MISMATCH
2026-07-14,5000,5000,0,RECONCILED
2026-07-15,3160,3160,0,RECONCILED
2026-07-16,8612,8592,20,MISMATCH
2026-07-17,2564,2564,0,RECONCILED
2026-07-18,5765,5765,0,RECONCILED
2026-07-19,5226,5226,0,RECONCILED
2026-07-20,6340,6320,20,MISMATCH
2026-07-21,2995,2995,0,RECONCILED
2026-07-22,2218,2218,0,RECONCILED
2026-07-23,2234,2234,0,RECONCILED
2026-07-24,4462,4442,20,MISMATCH
2026-07-25,5560,5560,0,RECONCILED
2026-07-26,4767,4767,0,RECONCILED
2026-07-27,3760,3740,20,MISMATCH
2026-07-28,4233,4233,0,RECONCILED
2026-07-29,2465,2465,0,RECONCILED
2026-07-30,5451,5451,0,RECONCILED
2026-07-31,6235,6215,20,MISMATCH
2026-08-01,3532,3532,0,RECONCILED
2026-08-02,3291,3291,0,RECONCILED
2026-08-03,5072,5052,20,MISMATCH
2026-08-04,6482,6482,0,RECONCILED
2026-08-05,6503,6503,0,RECONCILED
2026-08-06,2649,2649,0,RECONCILED
2026-08-07,5601,5581,20,MISMATCH
2026-08-08,2513,2513,0,RECONCILED
2026-08-09,4708,4708,0,RECONCILED
2026-08-10,4283,4283,0,RECONCILED
2026-08-11,5616,5596,20,MISMATCH
2026-08-12,2945,2945,0,RECONCILED
2026-08-13,5198,5198,0,RECONCILED
2026-08-14,5251,5251,0,RECONCILED
2026-08-15,3690,3670,20,MISMATCH
2026-08-16,4968,4968,0,RECONCILED
2026-08-17,6386,6386,0,RECONCILED
2026-08-18,3892,3872,20,MISMATCH
2026-08-19,5752,5752,0,RECONCILED
2026-08-20,4399,4399,0,RECONCILED
2026-08-21,2825,2825,0,RECONCILED
2026-08-22,5537,5523,14,MISMATCH
2026-08-23,6745,6745,0,RECONCILED
2026-08-24,5752,5752,0,RECONCILED
2026-08-25,5395,5375,20,MISMATCH
2026-08-26,8208,8208,0,RECONCILED
2026-08-27,5448,5428,20,MISMATCH
2026-08-28,5908,5908,0,RECONCILED
2026-08-29,4237,4237,0,RECONCILED
2026-08-30,3783,3763,20,MISMATCH
2026-08-31,3718,3718,0,RECONCILED
2026-09-01,3875,3875,0,RECONCILED
2026-09-02,5434,5434,0,RECONCILED
2026-09-03,4483,4463,20,MISMATCH
2026-09-04,2797,2797,0,RECONCILED
2026-09-05,4506,4506,0,RECONCILED
2026-09-06,4065,4045,20,MISMATCH
2026-09-07,6197,6197,0,RECONCILED
2026-09-08,5085,5085,0,RECONCILED
2026-09-09,4967,4967,0,RECONCILED
2026-09-10,4387,4367,20,MISMATCH
2026-09-11,2379,2379,0,RECONCILED
2026-09-12,3519,3519,0,RECONCILED
2026-09-13,5903,5883,20,MISMATCH
2026-09-14,5906,5906,0,RECONCILED
2026-09-15,6315,6315,0,RECONCILED
2026-09-16,6620,6620,0,RECONCILED
2026-09-17,4257,4237,20,MISMATCH
2026-09-18,4687,4687,0,RECONCILED
2026-09-19,7249,7249,0,RECONCILED
2026-09-20,8133,8113,20,MISMATCH
2026-09-21,3496,3496,0,RECONCILED
2026-09-22,5430,5430,0,RECONCILED
2026-09-23,4460,4460,0,RECONCILED
2026-09-24,4649,4629,20,MISMATCH
2026-09-25,2641,2641,0,RECONCILED
2026-09-26,8042,8042,0,RECONCILED
2026-09-27,6136,6116,20,MISMATCH
2026-09-28,1893,1893,0,RECONCILED
2026-09-29,3930,3930,0,RECONCILED
2026-09-30,5589,5589,0,RECONCILED
