customer_id,customer_name,phone,customer_type
C0001,Tanmay Das,9126855092,Wholesale
C0002,Deb Dey,9339670711,Regular
C0003,Ritu Das,9826600539,Wholesale
C0004,Arnab Ghosh,9193349856,Wholesale
C0005,Tania Das,9131994523,Regular
C0006,Arjun Dey,9642621108,Wholesale
C0007,Amit Ghosh,9313500298,Wholesale
C0008,Tanmay Paul,9685126461,Occasional
C0009,Moumita Sen,9732719211,Occasional
C0010,Mitali Sarkar,9106977991,Regular
C0011,Ayan Sen,9465341213,Occasional
C0012,Rahul Dey,9919795579,Occasional
C0013,Priya Das,9507943839,Regular
C0014,Puja Sarkar,9469319644,Wholesale
C0015,Deb Sarkar,9146654552,Wholesale
C0016,Sayan Ghosh,9234031070,Occasional
C0017,Sourav Ghosh,9414797776,Wholesale
C0018,Payel Sarkar,9488302652,Wholesale
C0019,Arjun Paul,9174684276,Regular
C0020,Soma Dey,9930075810,Occasional
C0021,Sourav Sarkar,9349957310,Regular
C0022,Abhishek Roy,9586845604,Wholesale
C0023,Raj Roy,9274648506,Occasional
C0024,Puja Dey,9819595113,Occasional
C0025,Ayan Paul,9795822698,Regular
C0026,Payel Paul,9283758720,Wholesale
C0027,Ritu Dey,9275452091,Occasional
C0028,Abhishek Roy,9787194506,Wholesale
C0029,Ishita Dey,9835098955,Occasional
C0030,Raj Sarkar,9933223566,Regular
C0031,Moumita Sarkar,9134467368,Occasional
C0032,Abhishek Roy,9171069472,Regular
C0033,Pallavi Ghosh,9870854579,Occasional
C0034,Arjun Paul,9636045484,Occasional
C0035,Arnab Paul,9592688426,Regular
C0036,Deb Dey,9364814270,Wholesale
C0037,Ishita Ghosh,9382116655,Wholesale
C0038,Subhajit Sen,9726563708,Occasional
C0039,Puja Dey,9248532577,Wholesale
C0040,Nisha Das,9911514914,Regular
C0041,Sweta Das,9264112119,Wholesale
C0042,Ananya Sarkar,9830661141,Occasional
C0043,Payel Das,9513140753,Occasional
C0044,Payel Sen,9668132202,Occasional
C0045,Ishita Sarkar,9112327652,Wholesale
C0046,Ritu Das,9831980933,Wholesale
C0047,Sagnik Roy,9925276600,Wholesale
C0048,Rohan Das,9415143362,Occasional
C0049,Ananya Sen,9103484630,Wholesale
C0050,Arnab Paul,9382811832,Wholesale
C0051,Sagnik Dey,9645119047,Regular
C0052,Sweta Paul,9420452650,Wholesale
C0053,Kunal Ghosh,9313579170,Regular
C0054,Puja Sarkar,9273461957,Wholesale
C0055,Sagnik Ghosh,9100614068,Wholesale
C0056,Rohan Sen,9120912992,Regular
C0057,Pallavi Roy,9992994062,Occasional
C0058,Moumita Das,9358633898,Wholesale
C0059,Sourav Das,9885879795,Occasional
C0060,Raj Das,9916690353,Wholesale
C0061,Sagnik Dey,9237859287,Wholesale
C0062,Nisha Ghosh,9277303722,Occasional
C0063,Kunal Sarkar,9751325257,Occasional
C0064,Arjun Ghosh,9910959828,Wholesale
C0065,Ayan Dey,9865523129,Occasional
C0066,Abhishek Paul,9797801251,Occasional
C0067,Sayan Ghosh,9584779555,Regular
C0068,Moumita Dey,9168747287,Occasional
C0069,Amit Ghosh,9694768704,Regular
C0070,Subhajit Dey,9107721109,Regular
C0071,Ayan Paul,9163215224,Regular
C0072,Sourav Das,9454794895,Regular
C0073,Kunal Dey,9399012686,Wholesale
C0074,Nisha Dey,9678998028,Regular
C0075,Ritu Ghosh,9718702544,Occasional
C0076,Moumita Sarkar,9607850824,Occasional
C0077,Arjun Das,9204078666,Wholesale
C0078,Tania Roy,9554814084,Occasional
C0079,Sayan Sarkar,9882839238,Regular
C0080,Soma Paul,9793830224,Regular
C0081,Riya Sen,9881913386,Occasional
C0082,Mitali Sarkar,9217326729,Regular
C0083,Arjun Dey,9675832441,Occasional
C0084,Rahul Sen,9297018781,Occasional
C0085,Sayan Dey,9180943908,Occasional
C0086,Mitali Sarkar,9690907304,Regular
C0087,Riya Paul,9680451872,Regular
C0088,Sourav Sarkar,9353810544,Regular
C0089,Tania Sen,9616854671,Regular
C0090,Sweta Sen,9162959284,Regular
C0091,Abhishek Das,9519212169,Occasional
C0092,Pallavi Sarkar,9943026227,Occasional
C0093,Sneha Sen,9847959430,Wholesale
C0094,Mitali Ghosh,9810678904,Wholesale
C0095,Nisha Dey,9303901283,Occasional
C0096,Arjun Das,9721890096,Wholesale
C0097,Ishita Das,9903132646,Occasional
C0098,Riya Das,9727255918,Occasional
C0099,Kunal Sarkar,9670292350,Regular
C0100,Riya Ghosh,9186019028,Regular
