purchase_id,purchase_date,supplier_id,product_id,quantity,unit_cost,purchase_amount
PO000001,2026-01-01,SUP003,P002,44,221.96,9766.24
PO000002,2026-01-01,SUP001,P022,50,72.93,3646.5
PO000003,2026-01-01,SUP003,P006,114,19.42,2213.88
PO000004,2026-01-01,SUP002,P001,114,270.74,30864.36
PO000005,2026-01-04,SUP001,P008,57,72.36,4124.52
PO000006,2026-01-04,SUP001,P019,52,,2750.8
PO000007,2026-01-04,SUP002,P018,24,71.79,1722.96
PO000008,2026-01-04,SUP001,P012,81,43.02,3484.62
PO000009,2026-01-04,SUP004,P023,23,34.53,794.19
PO000010,2026-01-07,SUP002,P003,37,131.76,4875.12
PO000011,2026-01-07,SUP001,P005,61,41.55,2534.55
PO000012,2026-01-07,SUP001,P003,90,133.38,12004.2
PO000013,2026-01-07,SUP002,P004,46,124.37,5721.02
PO000014,2026-01-10,SUP001,P017,110,71.83,7901.3
PO000015,2026-01-10,SUP004,P007,47,87.39,4107.33
PO000016,2026-01-10,SUP004,P023,42,37.31,1567.02
PO000017,2026-01-10,SUP004,P018,73,69.22,5053.06
PO000018,2026-01-13,SUP001,P010,36,11.58,416.88
PO000019,2026-01-13,SUP001,P005,23,44.12,1014.76
PO000020,2026-01-13,SUP001,P023,110,34.18,3759.8
PO000021,2026-01-16,SUP003,P002,31,207.42,6430.02
PO000022,2026-01-16,SUP001,P018,24,69.92,1678.08
PO000023,2026-01-16,SUP001,P018,89,74.43,6624.27
PO000024,2026-01-19,SUP003,P022,72,74.19,5341.68
PO000025,2026-01-19,SUP001,P006,44,17.37,764.28
PO000026,2026-01-19,SUP001,P022,93,79.72,7413.96
PO000027,2026-01-19,SUP002,P017,39,69.06,2693.34
PO000028,2026-01-19,SUP002,P007,61,85.09,5190.49
PO000029,2026-01-22,SUP004,P015,39,27.45,1070.55
PO000030,2026-01-22,SUP003,P021,71,20.27,1439.17
PO000031,2026-01-25,SUP002,P016,30,99.9,2997.0
PO000032,2026-01-25,SUP001,P023,90,37.35,3361.5
PO000033,2026-01-28,SUP001,P017,117,72.88,8526.96
PO000034,2026-01-28,SUP002,P011,23,9.65,221.95
PO000035,2026-01-31,SUP002,P001,117,276.99,32407.83
PO000036,2026-01-31,SUP004,P009,53,18.49,979.97
PO000037,2026-01-31,SUP004,P001,83,249.59,20715.97
PO000038,2026-02-03,SUP004,P012,27,44.41,1199.07
PO000039,2026-02-03,SUP002,P015,64,29.33,1877.12
PO000040,2026-02-03,SUP004,P012,110,44.59,4904.9
PO000041,2026-02-03,SUP004,P005,48,40.31,1934.88
PO000042,2026-02-03,SUP001,P024,46,21.24,977.04
PO000043,2026-02-06,SUP001,P022,83,80.61,6690.63
PO000044,2026-02-06,SUP001,P003,103,134.55,13858.65
PO000045,2026-02-06,SUP004,P011,118,10.66,1257.88
PO000046,2026-02-09,SUP004,P007,117,90.22,10555.74
PO000047,2026-02-09,SUP004,P007,27,85.44,2306.88
PO000048,2026-02-12,SUP003,P001,64,267.07,17092.48
PO000049,2026-02-12,SUP004,P013,96,29.74,2855.04
PO000050,2026-02-15,SUP002,P022,97,73.64,7143.08
PO000051,2026-02-15,SUP001,P008,47,72.78,3420.66
PO000052,2026-02-15,SUP003,P001,83,250.65,20803.95
PO000053,2026-02-15,SUP004,P017,21,75.71,1589.91
PO000054,2026-02-15,SUP004,P003,55,129.41,7117.55
PO000055,2026-02-18,SUP002,P008,43,68.47,2944.21
PO000056,2026-02-18,SUP004,P001,116,260.73,30244.68
PO000057,2026-02-18,SUP002,P010,56,12.78,715.68
PO000058,2026-02-21,SUP001,P008,79,69.55,5494.45
PO000059,2026-02-21,SUP003,P019,83,53.58,4447.14
PO000060,2026-02-21,SUP003,P018,108,69.72,7529.76
PO000061,2026-02-24,SUP001,P024,55,21.92,1205.6
PO000062,2026-02-24,SUP004,P007,99,89.25,8835.75
PO000063,2026-02-24,SUP002,P001,47,278.07,13069.29
PO000064,2026-02-24,SUP002,P008,74,71.01,5254.74
PO000065,2026-02-27,SUP002,P007,70,90.45,6331.5
PO000066,2026-02-27,SUP001,P005,50,42.8,2140.0
PO000067,2026-02-27,SUP003,P009,108,17.65,1906.2
PO000068,2026-02-27,SUP004,P015,66,28.49,1880.34
PO000069,2026-02-27,SUP004,P014,55,35.6,1958.0
PO000070,2026-03-02,SUP001,P004,70,115.64,8094.8
PO000071,2026-03-02,SUP001,P005,24,42.09,1010.16
PO000072,2026-03-02,SUP002,P015,62,27.86,1727.32
PO000073,2026-03-02,SUP001,P019,76,55.69,4232.44
PO000074,2026-03-05,SUP001,P009,65,18.3,1189.5
PO000075,2026-03-05,SUP003,P017,33,69.44,2291.52
PO000076,2026-03-08,SUP001,P003,67,125.89,8434.63
PO000077,2026-03-08,SUP004,P023,59,36.49,2152.91
PO000078,2026-03-08,SUP004,P003,29,125.48,3638.92
PO000079,2026-03-08,SUP001,P004,33,116.81,3854.73
PO000080,2026-03-11,SUP002,P013,29,26.93,780.97
PO000081,2026-03-11,SUP003,P013,115,29.32,3371.8
PO000082,2026-03-11,SUP003,P011,63,10.42,656.46
PO000083,2026-03-14,SUP004,P012,53,40.86,2165.58
PO000084,2026-03-14,SUP003,P017,51,71.95,3669.45
PO000085,2026-03-14,SUP003,P008,83,70.61,5860.63
PO000086,2026-03-14,SUP003,P001,45,256.8,11556.0
PO000087,2026-03-14,SUP003,P021,107,19.82,2120.74
PO000088,2026-03-17,SUP001,P022,72,78.93,5682.96
PO000089,2026-03-17,SUP001,P001,49,280.55,13746.95
PO000090,2026-03-17,SUP002,P003,96,134.27,12889.92
PO000091,2026-03-17,SUP002,P005,83,44.13,3662.79
PO000092,2026-03-20,SUP002,P019,80,58.74,4699.2
PO000093,2026-03-20,SUP004,P023,32,36.21,1158.72
PO000094,2026-03-20,SUP002,P024,46,22.02,1012.92
PO000095,2026-03-20,SUP001,P018,67,74.56,4995.52
PO000096,2026-03-20,SUP004,P019,61,58.24,3552.64
PO000097,2026-03-23,SUP001,P019,44,54.1,2380.4
PO000098,2026-03-23,SUP003,P014,107,37.43,4005.01
PO000099,2026-03-26,SUP004,P018,34,69.05,2347.7
PO000100,2026-03-26,SUP001,P023,53,37.15,1968.95
PO000101,2026-03-29,SUP003,P009,87,18.57,1615.59
PO000102,2026-03-29,SUP004,P007,115,91.37,10507.55
PO000103,2026-03-29,SUP002,P002,21,218.37,4585.77
PO000104,2026-04-01,SUP003,P019,62,57.34,3555.08
PO000105,2026-04-01,SUP002,P023,35,34.64,1212.4
PO000106,2026-04-01,SUP004,P020,65,34.41,2236.65
PO000107,2026-04-01,SUP002,P014,93,34.75,3231.75
PO000108,2026-04-01,SUP004,P003,114,130.96,14929.44
PO000109,2026-04-04,SUP002,P014,36,35.41,1274.76
PO000110,2026-04-04,SUP001,P017,20,77.45,1549.0
PO000111,2026-04-04,SUP001,P014,115,37.29,4288.35
PO000112,2026-04-04,SUP003,P021,77,19.53,1503.81
PO000113,2026-04-07,SUP003,P019,104,57.85,6016.4
PO000114,2026-04-07,SUP001,P019,43,53.92,2318.56
PO000115,2026-04-07,SUP002,P014,111,34.22,3798.42
PO000116,2026-04-07,SUP004,P006,74,17.75,1313.5
PO000117,2026-04-07,SUP001,P023,31,36.38,1127.78
PO000118,2026-04-10,SUP001,P003,76,118.96,9040.96
PO000119,2026-04-10,SUP003,P005,107,43.79,4685.53
PO000120,2026-04-13,SUP002,P015,71,30.07,2134.97
PO000121,2026-04-13,SUP003,P002,54,223.36,12061.44
PO000122,2026-04-13,SUP003,P018,56,69.24,3877.44
PO000123,2026-04-13,SUP002,P006,100,18.75,1875.0
PO000124,2026-04-16,SUP002,P023,64,36.77,2353.28
PO000125,2026-04-16,SUP004,P021,47,20.26,952.22
PO000126,2026-04-16,SUP004,P023,65,37.16,2415.4
PO000127,2026-04-16,SUP002,P019,91,53.14,4835.74
PO000128,2026-04-19,SUP004,P005,73,44.73,3265.29
PO000129,2026-04-19,SUP004,P009,101,18.17,1835.17
PO000130,2026-04-22,SUP002,P003,63,127.16,8011.08
PO000131,2026-04-22,SUP004,P024,113,23.72,2680.36
PO000132,2026-04-25,SUP003,P022,86,78.96,6790.56
PO000133,2026-04-25,SUP004,P003,112,133.96,15003.52
PO000134,2026-04-28,SUP003,P004,73,113.93,8316.89
PO000135,2026-04-28,SUP001,P013,52,27.53,1431.56
PO000136,2026-05-01,SUP004,P019,84,53.97,4533.48
PO000137,2026-05-01,SUP003,P012,58,40.84,2368.72
PO000138,2026-05-04,SUP003,P007,113,89.74,10140.62
PO000139,2026-05-04,SUP004,P023,43,34.35,1477.05
PO000140,2026-05-04,SUP004,P010,91,12.45,1132.95
PO000141,2026-05-04,SUP001,P015,20,26.81,536.2
PO000142,2026-05-04,SUP002,P021,38,19.89,755.82
PO000143,2026-05-07,SUP001,P004,40,113.43,4537.2
PO000144,2026-05-07,SUP004,P018,40,75.47,3018.8
PO000145,2026-05-07,SUP001,P016,93,113.01,10509.93
PO000146,2026-05-07,SUP004,P020,72,36.28,2612.16
PO000147,2026-05-10,SUP002,P005,89,42.25,3760.25
PO000148,2026-05-10,SUP003,P018,47,76.16,3579.52
PO000149,2026-05-13,SUP002,P003,72,123.75,8910.0
PO000150,2026-05-13,SUP001,P004,118,123.1,14525.8
PO000151,2026-05-13,SUP004,P007,107,91.72,9814.04
PO000152,2026-05-13,SUP001,P001,116,272.33,31590.28
PO000153,2026-05-13,SUP004,P015,25,29.55,738.75
PO000154,2026-05-16,SUP004,P017,100,73.19,7319.0
PO000155,2026-05-16,SUP002,P023,110,36.72,4039.2
PO000156,2026-05-19,SUP001,P002,83,221.35,18372.05
PO000157,2026-05-19,SUP003,P019,85,53.93,4584.05
PO000158,2026-05-19,SUP004,P020,39,36.31,1416.09
PO000159,2026-05-22,SUP004,P024,58,22.45,1302.1
PO000160,2026-05-22,SUP003,P022,42,77.25,3244.5
PO000161,2026-05-22,SUP003,P002,80,221.3,17704.0
PO000162,2026-05-22,SUP002,P011,70,9.91,693.7
PO000163,2026-05-22,SUP003,P014,80,35.05,2804.0
PO000164,2026-05-25,SUP001,P020,85,33.98,2888.3
PO000165,2026-05-25,SUP004,P015,95,27.59,2621.05
PO000166,2026-05-28,SUP003,P001,25,253.55,6338.75
PO000167,2026-05-28,SUP002,P005,116,40.71,4722.36
PO000168,2026-05-28,SUP002,P014,42,35.06,1472.52
PO000169,2026-05-28,SUP004,P002,47,202.91,9536.77
PO000170,2026-05-31,SUP003,P012,41,45.1,1849.1
PO000171,2026-05-31,SUP001,P015,48,27.48,1319.04
PO000172,2026-05-31,SUP003,P015,116,29.42,3412.72
PO000173,2026-05-31,SUP003,P002,113,209.9,23718.7
PO000174,2026-06-03,SUP002,P014,85,34.81,2958.85
PO000175,2026-06-03,SUP004,P009,79,18.04,1425.16
PO000176,2026-06-06,SUP002,P004,36,117.36,4224.96
PO000177,2026-06-06,SUP001,P016,117,108.39,12681.63
PO000178,2026-06-06,SUP002,P002,112,221.3,24785.6
PO000179,2026-06-06,SUP004,P013,112,29.96,3355.52
PO000180,2026-06-09,SUP002,P007,37,86.19,3189.03
PO000181,2026-06-09,SUP003,P007,53,82.18,4355.54
PO000182,2026-06-09,SUP002,P023,71,33.98,2412.58
PO000183,2026-06-12,SUP002,P005,120,44.45,5334.0
PO000184,2026-06-12,SUP003,P016,106,102.16,10828.96
PO000185,2026-06-12,SUP002,P019,46,52.98,2437.08
PO000186,2026-06-12,SUP001,P008,111,70.79,7857.69
PO000187,2026-06-12,SUP003,P001,89,270.42,24067.38
PO000188,2026-06-15,SUP001,P021,46,19.65,903.9
PO000189,2026-06-15,SUP003,P007,115,85.68,9853.2
PO000190,2026-06-15,SUP002,P007,44,83.33,3666.52
PO000191,2026-06-18,SUP002,P021,100,20.4,2040.0
PO000192,2026-06-18,SUP001,P018,55,71.84,3951.2
PO000193,2026-06-21,SUP001,P012,102,42.56,4341.12
PO000194,2026-06-21,SUP001,P009,79,17.61,1391.19
PO000195,2026-06-21,SUP003,P019,87,57.98,5044.26
PO000196,2026-06-24,SUP004,P016,73,107.55,7851.15
PO000197,2026-06-24,SUP004,P018,22,76.76,1688.72
PO000198,2026-06-27,SUP003,P012,110,41.85,4603.5
PO000199,2026-06-27,SUP003,P024,108,21.31,2301.48
PO000200,2026-06-27,SUP002,P016,105,109.26,11472.3
PO000201,2026-06-27,SUP004,P015,99,29.03,2873.97
PO000202,2026-06-30,SUP002,P001,61,253.97,15492.17
PO000203,2026-06-30,SUP004,P021,77,19.52,1503.04
PO000204,2026-06-30,SUP002,P017,87,71.79,6245.73
PO000205,2026-06-30,SUP002,P009,112,19.35,2167.2
PO000206,2026-07-03,SUP004,P008,97,70.66,6854.02
PO000207,2026-07-03,SUP002,P022,106,76.3,8087.8
PO000208,2026-07-06,SUP002,P003,108,124.8,13478.4
PO000209,2026-07-06,SUP003,P006,32,18.49,591.68
PO000210,2026-07-06,SUP003,P019,106,55.26,5857.56
PO000211,2026-07-09,SUP001,P003,107,129.88,13897.16
PO000212,2026-07-09,SUP004,P005,62,39.96,2477.52
PO000213,2026-07-09,SUP004,P014,114,36.2,4126.8
PO000214,2026-07-09,SUP004,P021,105,21.0,2205.0
PO000215,2026-07-12,SUP004,P008,58,71.0,4118.0
PO000216,2026-07-12,SUP004,P003,58,132.22,7668.76
PO000217,2026-07-12,SUP003,P008,38,71.59,2720.42
PO000218,2026-07-12,SUP001,P024,98,21.15,2072.7
PO000219,2026-07-12,SUP003,P008,87,69.55,6050.85
PO000220,2026-07-15,SUP001,P016,68,102.06,6940.08
PO000221,2026-07-15,SUP004,P011,65,10.24,665.6
PO000222,2026-07-15,SUP002,P008,106,70.52,7475.12
PO000223,2026-07-18,SUP003,P008,96,71.99,6911.04
PO000224,2026-07-18,SUP003,P020,56,33.28,1863.68
PO000225,2026-07-18,SUP004,P011,120,10.47,1256.4
PO000226,2026-07-18,SUP003,P012,75,44.15,3311.25
PO000227,2026-07-18,SUP004,P007,29,85.94,2492.26
PO000228,2026-07-21,SUP001,P002,26,203.58,5293.08
PO000229,2026-07-21,SUP004,P001,104,251.95,26202.8
PO000230,2026-07-21,SUP002,P007,68,88.17,5995.56
PO000231,2026-07-24,SUP004,P012,114,42.03,4791.42
PO000232,2026-07-24,SUP002,P007,112,88.53,9915.36
PO000233,2026-07-24,SUP004,P006,113,17.58,1986.54
PO000234,2026-07-27,SUP001,P019,47,56.53,2656.91
PO000235,2026-07-27,SUP001,P014,105,35.03,3678.15
PO000236,2026-07-27,SUP001,P019,35,52.49,1837.15
PO000237,2026-07-27,SUP004,P010,90,12.21,1098.9
PO000238,2026-07-30,SUP002,P024,76,21.49,1633.24
PO000239,2026-07-30,SUP004,P014,59,34.63,2043.17
PO000240,2026-08-02,SUP003,P022,80,76.26,6100.8
PO000241,2026-08-02,SUP004,P021,55,19.24,1058.2
PO000242,2026-08-02,SUP001,P002,120,221.78,26613.6
PO000243,2026-08-05,SUP003,P016,32,112.29,3593.28
PO000244,2026-08-05,SUP001,P023,104,36.26,3771.04
PO000245,2026-08-05,SUP004,P001,56,258.83,14494.48
PO000246,2026-08-08,SUP003,P023,54,35.15,1898.1
PO000247,2026-08-08,SUP002,P009,83,18.96,1573.68
PO000248,2026-08-08,SUP001,P018,76,75.59,5744.84
PO000249,2026-08-11,SUP001,P005,84,45.05,3784.2
PO000250,2026-08-11,SUP003,P022,62,75.04,4652.48
PO000251,2026-08-11,SUP003,P003,90,121.86,10967.4
PO000252,2026-08-11,SUP002,P024,77,22.17,1707.09
PO000253,2026-08-14,SUP003,P009,51,19.01,969.51
PO000254,2026-08-14,SUP003,P002,97,221.87,21521.39
PO000255,2026-08-14,SUP004,P020,47,35.54,1670.38
PO000256,2026-08-14,SUP002,P006,115,17.86,2053.9
PO000257,2026-08-14,SUP004,P008,25,71.15,1778.75
PO000258,2026-08-17,SUP002,P013,97,30.07,2916.79
PO000259,2026-08-17,SUP002,P009,48,17.8,854.4
PO000260,2026-08-17,SUP003,P012,52,42.79,2225.08
PO000261,2026-08-17,SUP001,P006,34,17.54,596.36
PO000262,2026-08-20,SUP004,P013,24,29.59,710.16
PO000263,2026-08-20,SUP001,P003,20,127.22,2544.4
PO000264,2026-08-20,SUP004,P007,62,90.34,5601.08
PO000265,2026-08-20,SUP001,P020,57,34.99,1994.43
PO000266,2026-08-23,SUP004,P019,27,53.77,1451.79
PO000267,2026-08-23,SUP004,P009,76,17.75,1349.0
PO000268,2026-08-23,SUP001,P024,94,21.25,1997.5
PO000269,2026-08-23,SUP001,P014,30,34.1,1023.0
PO000270,2026-08-26,SUP004,P002,116,205.99,23894.84
PO000271,2026-08-26,SUP004,P023,60,37.7,2262.0
PO000272,2026-08-26,SUP001,P023,84,36.48,3064.32
PO000273,2026-08-26,SUP001,P021,92,21.35,1964.2
PO000274,2026-08-29,SUP002,P010,35,11.89,416.15
PO000275,2026-08-29,SUP004,P007,47,84.87,3988.89
PO000276,2026-09-01,SUP003,P001,32,274.54,8785.28
PO000277,2026-09-01,SUP001,P011,115,9.5,1092.5
PO000278,2026-09-01,SUP004,P006,95,17.89,1699.55
PO000279,2026-09-01,SUP001,P007,86,80.88,6955.68
PO000280,2026-09-01,SUP003,P003,43,132.65,5703.95
PO000281,2026-09-04,SUP003,P004,89,113.52,10103.28
PO000282,2026-09-04,SUP001,P018,27,72.0,1944.0
PO000283,2026-09-04,SUP001,P020,57,36.01,2052.57
PO000284,2026-09-04,SUP003,P007,71,87.66,6223.86
PO000285,2026-09-04,SUP001,P002,65,208.67,13563.55
PO000286,2026-09-07,SUP001,P019,72,56.06,4036.32
PO000287,2026-09-07,SUP004,P017,75,75.84,5688.0
PO000288,2026-09-07,SUP001,P003,81,118.88,9629.28
PO000289,2026-09-10,SUP002,P020,38,35.97,1366.86
PO000290,2026-09-10,SUP003,P023,40,36.67,1466.8
PO000291,2026-09-10,SUP001,P001,82,278.04,22799.28
PO000292,2026-09-10,SUP002,P020,74,33.63,2488.62
PO000293,2026-09-13,SUP003,P005,29,44.06,1277.74
PO000294,2026-09-13,SUP002,P019,65,53.42,3472.3
PO000295,2026-09-13,SUP003,P002,92,223.29,20542.68
PO000296,2026-09-16,SUP002,P022,26,80.45,2091.7
PO000297,2026-09-16,SUP004,P016,106,100.75,10679.5
PO000298,2026-09-19,SUP004,P012,86,42.93,3691.98
PO000299,2026-09-19,SUP001,P005,111,42.35,4700.85
PO000300,2026-09-19,SUP002,P013,71,26.99,1916.29
PO000301,2026-09-19,SUP002,P014,120,37.69,4522.8
PO000302,2026-09-19,SUP001,P024,24,22.76,546.24
PO000303,2026-09-22,SUP004,P019,67,58.99,3952.33
PO000304,2026-09-22,SUP002,P011,82,10.38,851.16
PO000305,2026-09-22,SUP001,P004,35,120.6,4221.0
PO000306,2026-09-22,SUP001,P021,28,20.41,571.48
PO000307,2026-09-22,SUP002,P022,113,72.53,8195.89
PO000308,2026-09-25,SUP003,P007,27,82.76,2234.52
PO000309,2026-09-25,SUP004,P019,115,55.88,6426.2
PO000310,2026-09-25,SUP001,P019,112,58.79,6584.48
PO000311,2026-09-28,SUP003,P005,48,40.53,1945.44
PO000312,2026-09-28,SUP001,P022,63,77.1,4857.3
PO000313,2026-09-28,SUP001,P001,94,270.79,25454.26
PO000314,2026-09-28,SUP001,P019,117,55.14,6451.38
PO000315,2026-09-28,SUP002,P010,65,11.45,744.25
